label,sources
FALSE,www.thaindian.com;
FALSE,www.africanglobe.net;www.shutterstock.com;conservativetribune.com;
TRUE,www.buzzfeed.com;www.bloomberg.com;www.outnumberhunger.com;
FALSE,www.facebook.com;www.facebook.com;www.docdroid.net;www.nytimes.com;
FALSE,mysteryoftheiniquity.com;www.reddit.com;www.newadvent.org;www.newadvent.org;www.mondelezinternational.com;www.thespringerlebaker.com;www.google.com;archive.fortune.com;www.retroland.com;www.theatlantic.com;www.indyweek.com;en.wikipedia.org;www.seiyaku.com;logos.wikia.com;bfdg.com;www.shutterstock.com;www.whec.com;
FALSE,www.nbcnews.com;www.amazon.com;
FALSE,www.amazon.com;www.dallasnews.com;
FALSE,hoaxes.org;www.shmoop.com;residentiallychallenged.blogspot.com;cops.usdoj.gov;www.ncbi.nlm.nih.gov;koin.com;www.ibtimes.com;www.lifenews.com;
TRUE,www.lifenews.com;www.2ndvote.com;www.inquisitr.com;twitter.com;www.cnn.com;www.cnn.com;www.graphicdesignhero.com;adequateman.deadspin.com;
FALSE,twitter.com;siteclosed.nordstrom.com;twitter.com;shop.nordstrom.com;shop.nordstrom.com;madesolidinla.com;www.buzzfeed.com;www.onlysimchas.com;
FALSE,www.timesofisrael.com;twitter.com;twitter.com;twitter.com;twitter.com;twitter.com;twitter.com;www.shutterstock.com;www.harryanddavid.com;
FALSE,twitter.com;twitter.com;www.latimes.com;twitter.com;twitter.com;www.washingtonpost.com;
FALSE,ual.response.lithium.com;www.denverpost.com;twitter.com;twitter.com;www.united.com;twitter.com;www.shutterstock.com;www.marieclaire.co.uk;
FALSE,twitter.com;twitter.com;hellogiggles.com;nymag.com;www.telegraph.co.uk;commons.wikimedia.org;twitter.com;
TRUE,twitter.com;twitter.com;usuncut.com;www.facebook.com;newsroom.acehardware.com;www.nytimes.com;
TRUE,www.cnbc.com;www.cnbc.com;twitter.com;www.salon.com;twitter.com;www.2ndvote.com;
FALSE,anywherebuttarget.com;news.isupportforgiveness.org;
FALSE,studentaid.ed.gov;news.isupportforgiveness.org;thecollegeinvestor.com;www.nerdwallet.com;www.flickr.com;www.spartacus.schoolnet.co.uk;
TRUE,www.play1039.net;
FALSE,www.worldofsnacks.com;www.angrypatriotmovement.com;
FALSE,www.allenbwest.com;www.fordfoundation.org;corporate.ford.com;www.theatlantic.com;policy.m4bl.org;www.stockgumshoe.com;
FALSE,www.fastcoexist.com;
FALSE,www.thelocal.se;www.flickr.com;www.youtube.com;
TRUE,chicagoist.com;www.facebook.com;www.chicagonow.com;www.chicagonow.com;services.azre.gov;www.youtube.com;twitter.com;
TRUE,www.facebook.com;www.kfc.com;www.ebay.com;www.sothebys.com;
FALSE,finance.yahoo.com;content.time.com;www.telegraph.co.uk;www.creditcards.com;
FALSE,www.creditcards.com;www.nytimes.com;krebsonsecurity.com;squareup.com;naturalsociety.com;
TRUE,twitter.com;www.healthy-holistic-living.com;www.fooddemocracynow.org;thehill.com;www.wholefoodsmarket.com;www.wholefoodsmarket.com;www.citizen-times.com;
TRUE,listings.findthecompany.com;www.facebook.com;www.linkedin.com;carolinapublicpress.org;www.facebook.com;
FALSE,blog.jetblue.com;beaniebabiespriceguide.com;
TRUE,beaniebabiespriceguide.com;www.tycollector.com;twitter.com;
FALSE,www.facebook.com;bigstory.ap.org;www.ca2016.com;www.nike.com;
FALSE,solecollector.com;www.bbc.co.uk;pmkcustoms.wordpress.com;sneakernews.com;sneakernews.com;www.instagram.com;en.wikipedia.org;
FALSE,www.sun-gazing.com;
FALSE,www.youtube.com;www.facebook.com;customerservice.costco.com;www.foodbusinessnews.net;twitter.com;
TRUE,www.dailymail.co.uk;twitter.com;twitter.com;twitter.com;www.theguardian.com;twitter.com;ee.co.uk;twitter.com;twitter.com;twitter.com;ee.co.uk;www.theguardian.com;www.theguardian.com;ee.response.lithium.com;twitter.com;www.moneysavingexpert.com;www.apple.com;
FALSE,www.npr.org;www.foxnews.com;www.nytimes.com;www.law.cornell.edu;gizmodo.com;hosted.ap.org;commons.wikimedia.org;www.facebook.com;
FALSE,www.facebook.com;twitter.com;
FALSE,www.mcdonalds.com;money.cnn.com;www.usatoday.com;www.theatlantic.com;www.ksl.com;www.huffingtonpost.com;www.marketwatch.com;www2.hbc.com;
FALSE,www.gov.mb.ca;www.thebay.com;www.flickr.com;www.usmint.gov;
FALSE,en.wikipedia.org;petitions.whitehouse.gov;;www.flickr.com;www.mothering.com;
FALSE,www.locksoflove.org;www.charitynavigator.org;www.makeupyourownmind.com.au;
FALSE,nutrition.mcdonalds.com;www.fda.gov;www.google.com;www.shutterstock.com;caselaw.findlaw.com;
FALSE,cltampa.com;www.charitynavigator.org;
TRUE,www2.guidestar.org;www.forbes.com;www.unicef.org;www.unicefusa.org;redcross.org.edgesuite-staging.net;redcross.org.edgesuite-staging.net;www.unitedway.org;www.worldvision.org;www.worldvision.ca;www.worldvision.ca;www.worldvision.ca;www.worldvision.ca;www.worldvision.ca;www.bbb.org;www.goodwill.org;www.goodwill.org;www.goodwill.org;www.charitynavigator.org;www.charitynavigator.org;www.charitynavigator.org;www.charitynavigator.org;www.shutterstock.com;www.ctvnews.ca;
FALSE,donnamarie113.deviantart.com;www.amazon.com;www.amazon.com;www.ftc.gov;
FALSE,www.ilga.gov;www.legis.state.ga.us;www.kslegislature.org;www.spacepen.com;
FALSE,www.nasa.gov;twitter.com;
FALSE,www.examiner.com;www.newser.com;www.dailymail.co.uk;www.9news.com.au;www.examiner.com;canadajournal.net;au.tv.yahoo.com;www.irishmirror.ie;nymag.com;
FALSE,www.businessinsider.in;nypost.com;www.dailymail.co.uk;www.vanityfair.com;www.inquisitr.com;www.mtv.com;observer.com;factually.gizmodo.com;gawker.com;www.vocativ.com;www.cnbc.com;www.theepochtimes.com;time.com;www.people.com;nymag.com;www.streetinsider.com;
TRUE,www.breakingnews.com;uk.reuters.com;www.forexlive.com;oilpro.com;www.dailymail.co.uk;www.forexlive.com;www.telegraph.co.uk;online.wsj.com;www.cnbc.com;www.cnbc.com;www.zerohedge.com;www.trust.org;www.breakingnews.com;www.benzinga.com;www.globalpost.com;online.wsj.com;
TRUE,www.huffingtonpost.com;www.cnet.com;www.businessinsider.com;gigaom.com;www.businessinsider.com;www.cnbc.com;venturebeat.com;www.bizjournals.com;www.theverge.com;www.dailymail.co.uk;www.dailymail.co.uk;www.bbc.com;www.theguardian.com;online.wsj.com;gigaom.com;www.cnbc.com;venturebeat.com;www.theverge.com;www.engadget.com;www.dailymail.co.uk;www.cnbc.com;
FALSE,www.8newsnow.com;www.mynews3.com;www.businessinsider.com;www.mercurynews.com;www.bloomberg.com;www.reuters.com;online.wsj.com;www.mercurynews.com;www.usatoday.com;bizbeatblog.dallasnews.com;abcnews.go.com;o.canada.com;
FALSE,www.theguardian.com;www.ibtimes.co.uk;metro.co.uk;www.thestandard.com.hk;business.financialpost.com;finance.yahoo.com;www.itworld.com;www.cbc.ca;news.sky.com;www.arabnews.com;
FALSE,www.inquisitr.com;www.dailymail.co.uk;mashable.com;www.mirror.co.uk;www.moroccoworldnews.com;www.palmbeachpost.com;www.timesofisrael.com;www.dailysabah.com;www.examiner.com;radio.foxnews.com;entertainment.ie;rt.com;www.ibtimes.co.uk;www.zerohedge.com;www.haaretz.com;mic.com;www.inquisitr.com;www.emirates247.com;dailybuzzlive.com;
FALSE,www.snopes.com;notallowedto.com;www.theepochtimes.com;nymag.com;
FALSE,www.businessinsider.in;nypost.com;www.dailymail.co.uk;www.vanityfair.com;www.inquisitr.com;www.mtv.com;observer.com;factually.gizmodo.com;gawker.com;www.vocativ.com;www.cnbc.com;www.theepochtimes.com;time.com;www.people.com;nymag.com;www.streetinsider.com;
TRUE,www.breakingnews.com;uk.reuters.com;www.forexlive.com;oilpro.com;www.dailymail.co.uk;www.forexlive.com;www.telegraph.co.uk;online.wsj.com;www.cnbc.com;www.cnbc.com;www.zerohedge.com;www.trust.org;www.breakingnews.com;www.benzinga.com;www.globalpost.com;online.wsj.com;
TRUE,www.huffingtonpost.com;www.cnet.com;www.businessinsider.com;gigaom.com;www.businessinsider.com;www.cnbc.com;venturebeat.com;www.bizjournals.com;www.theverge.com;www.dailymail.co.uk;www.dailymail.co.uk;www.bbc.com;www.theguardian.com;online.wsj.com;gigaom.com;www.cnbc.com;venturebeat.com;www.theverge.com;www.engadget.com;www.dailymail.co.uk;www.cnbc.com;
TRUE,dailystar.com.lb;www.ft.com;www.nytimes.com;abcnews.go.com;www.theguardian.com;www.dailymail.co.uk;www.cbc.ca;news.nationalpost.com;www.tmz.com;
TRUE,www.usatoday.com;www.foxnews.com;www.torontosun.com;www.dailymail.co.uk;www.washingtonpost.com;edition.cnn.com;time.com;www.huffingtonpost.com;www.nydailynews.com;www.mirror.co.uk;www.latimes.com;www.bbc.com;www.theguardian.com;online.wsj.com;
TRUE,www.huffingtonpost.com;www.cnet.com;www.businessinsider.com;gigaom.com;www.businessinsider.com;www.cnbc.com;venturebeat.com;www.bizjournals.com;www.theverge.com;www.dailymail.co.uk;www.dailymail.co.uk;www.bbc.com;www.theguardian.com;online.wsj.com;gigaom.com;www.cnbc.com;venturebeat.com;www.theverge.com;www.engadget.com;www.dailymail.co.uk;www.cnbc.com;
FALSE,www.buzzfeed.com;mobile.nytimes.com;moneyweek.com;www.upi.com;www.hollywoodreporter.com;sputniknews.com;www.irishtimes.com;www.marketplace.org;www.ft.com;www.casinocitytimes.com;www.businessinsider.com;qz.com;www.breitbart.com;
TRUE,fortressamerica.gawker.com;www.newsmax.com;rt.com;www.cnn.com;dailycaller.com;www.stripes.com;www.washingtontimes.com;www.marinecorpstimes.com;www.cbsnews.com;
TRUE,www.huffingtonpost.com;www.dailymail.co.uk;www.galvestondailynews.com;nypost.com;www.snopes.com;www.usnews.com;houston.cbslocal.com;www.csmonitor.com;www.theguardian.com;www.news.com.au;mashable.com;www.tmz.com;
TRUE,www.usatoday.com;www.foxnews.com;www.torontosun.com;www.dailymail.co.uk;www.washingtonpost.com;edition.cnn.com;time.com;www.huffingtonpost.com;www.nydailynews.com;www.mirror.co.uk;www.latimes.com;www.bbc.com;www.theguardian.com;online.wsj.com;
TRUE,www.huffingtonpost.com;www.cnet.com;www.businessinsider.com;gigaom.com;www.businessinsider.com;www.cnbc.com;venturebeat.com;www.bizjournals.com;www.theverge.com;www.dailymail.co.uk;www.dailymail.co.uk;www.bbc.com;www.theguardian.com;online.wsj.com;gigaom.com;www.cnbc.com;venturebeat.com;www.theverge.com;www.engadget.com;www.dailymail.co.uk;www.cnbc.com;
FALSE,www.8newsnow.com;www.mynews3.com;www.businessinsider.com;www.mercurynews.com;www.bloomberg.com;www.reuters.com;online.wsj.com;www.mercurynews.com;www.usatoday.com;bizbeatblog.dallasnews.com;abcnews.go.com;theracketreport.com;
TRUE,www.snopes.com;www.independent.co.uk;www.inquisitr.com;theantimedia.org;marijuanastocks.com;www.thecannabist.co;www.snopes.com;
FALSE,www.grindtv.com;milano.corriere.it;ftw.usatoday.com;www.dailymail.co.uk;www.telegraph.co.uk;www.inquisitr.com;www.mirror.co.uk;www.theblaze.com;www.independent.co.uk;msmbc.co;
TRUE,www.snopes.com;en.mediamass.net;www.inquisitr.com;www.newseveryday.com;espn.go.com;
TRUE,www.huffingtonpost.com;www.latimes.com;seattle.cbslocal.com;www.usatoday.com;jezebel.com;www.telegraph.co.uk;www.freep.com;
FALSE,www.torontosun.com;www.buzzfeed.com;www.firstpost.com;www.wzzm13.com;wgntv.com;www.snopes.com;
TRUE,www.cbsnews.com;
TRUE,www.huffingtonpost.com;www.dailymail.co.uk;www.galvestondailynews.com;nypost.com;www.snopes.com;www.usnews.com;houston.cbslocal.com;www.csmonitor.com;www.theguardian.com;www.news.com.au;mashable.com;www.tmz.com;
TRUE,www.usatoday.com;www.foxnews.com;www.torontosun.com;www.dailymail.co.uk;www.washingtonpost.com;edition.cnn.com;time.com;www.huffingtonpost.com;www.nydailynews.com;www.mirror.co.uk;www.latimes.com;www.bbc.com;www.theguardian.com;online.wsj.com;
TRUE,www.huffingtonpost.com;www.cnet.com;www.businessinsider.com;gigaom.com;www.businessinsider.com;www.cnbc.com;venturebeat.com;www.bizjournals.com;www.theverge.com;www.dailymail.co.uk;www.dailymail.co.uk;www.bbc.com;www.theguardian.com;online.wsj.com;gigaom.com;www.cnbc.com;venturebeat.com;www.theverge.com;www.engadget.com;www.dailymail.co.uk;www.cnbc.com;
FALSE,usadailytime.com;
TRUE,thelastlineofdefense.org;www.politifact.com;www.cnn.com;www.thedailybeast.com;youtu.be;www.tmz.com;www.thewrap.com;www.instagram.com;twitter.com;www.newyorker.com;www.gpo.gov;100percentfedup.com;
TRUE,www.cnn.com;www.politico.com;www.washingtonpost.com;www.miamiherald.com;thehill.com;www.nbcnews.com;www.dailywire.com;www.usatoday.com;youtu.be;www.snopes.com;www.theblaze.com;www.facebook.com;;;thetrumpmedia.com;
TRUE,www.angrypatriotmovement.com;thehill.com;www.cnn.com;www.desmoinesregister.com;www.washingtonpost.com;www.cnn.com;nymag.com;www.politico.com;www.mccain.senate.gov;www.bizpacreview.com;www.cnn.com;www.washingtonpost.com;;www.learnprogress.org;
FALSE,www.cnn.com;www.donaldjtrump.com;www.washingtonpost.com;abcnews.go.com;www.cnn.com;www.dallasnews.com;www.theguardian.com;www.nbcnews.com;www.washingtonpost.com;www.cnbc.com;www.washingtonpost.com;www.politico.com;www.cnbc.com;www.reuters.com;www.cnbc.com;www.whitehouse.gov;thehill.com;www.latimes.com;www.nbcnews.com;usa-television.com;
FALSE,twitter.com;travel.state.gov;travel.state.gov;usa-television.com;cnn-channel.com;usa-television.com;usa-television.com;usapoliticszone.com;
TRUE,times.com.mx;content.time.com;www.nbcnewyork.com;www.cnn.com;www.politifact.com;www.politifact.com;www.cnn.com;www.cnn.com;www.qconline.com;twitter.com;
FALSE,www.worldbank.org;openknowledge.worldbank.org;www.cgdev.org;www.brookings.edu;www.brookings.edu;www.sipri.org;foreignpolicy.com;documents.worldbank.org;csnbbs.com;christmichael.wordpress.com;;;;;;trueamericans.me;
FALSE,www.huffingtonpost.com;weeklyworldnews.com;www.nationaljournal.com;www.politico.com;time.com;www.moneyfactory.gov;www.treasury.gov;politicot.com;
TRUE,www.indystar.com;www.cnn.com;www.politifact.com;www.politifact.com;www.cnn.com;iga.in.gov;;
FALSE,www.congress.gov;www.senate.gov;www.congress.gov;www.senate.gov;www.opensecrets.org;www.opensecrets.org;washingtonmonthly.com;;;;;;;;;usa-radio.com;
FALSE,allafrica.com;www.voanews.com;www.washingtonpost.com;www.news24.com;buzzfeedusa.com;
FALSE,www.washingtonpost.com;;fas.org;newsexaminer.net;
FALSE,www.ibtimes.co.uk;www.washingtonpost.com;nbc.com.co;abcnews.com.co;to-day-news-24.com;
FALSE,www.huffingtonpost.com;www.politifact.com;www.nytimes.com;www.washingtonpost.com;www.tdtalliance.com;
FALSE,www.tdtalliance.com;;;;;www.snopes.com;www.snopes.com;
TRUE,www.mystatesman.com;www.texastribune.org;docs.google.com;www.lbb.state.tx.us;docs.google.com;usasnich.com;
FALSE,www.huffingtonpost.com;;;freedomdaily.com;
TRUE,www.politifact.com;www.ohchr.org;documents-dds-ny.un.org;www.washingtonpost.com;conservativedailypost.com;www.upi.com;www.ohchr.org;newcenturytimes.com;
TRUE,talkingpointsmemo.com;talkingpointsmemo.com;samjohnson.house.gov;www.mrctv.org;
TRUE,www.unicef.org;www.pewresearch.org;www.cbp.gov;www.cbp.gov;www.uscis.gov;www.uscis.gov;www.state.gov;www.state.gov;www.state.gov;www.state.gov;www.nytimes.com;www.whitehouse.gov;lirs.org;www.latimes.com;www.nytimes.com;www.ncsl.org;;;;;townhall.com;
FALSE,;www.congress.gov;http:;http:;www.patheos.com;www.snopes.com;blog.constitutioncenter.org;www.washingtonpost.com;
TRUE,www.thestar.com;coed.com;dailysnark.com;www.vox.com;;
FALSE,;;votingrights.news21.com;www.brennancenter.org;www.infowars.com;milo.yiannopoulos.net;www.thenewamerican.com;freedomdaily.com;twitter.com;www.washingtonpost.com;www.tampabay.com;www.politifact.com;www.politifact.com;www.washingtonpost.com;abcnews.com.co;
FALSE,www.snopes.com;www.washingtonpost.com;www.washingtonpost.com;www.washingtonpost.com;www.cbsnews.com;;70news.wordpress.com;
FALSE,docs.google.com;edition.cnn.com;www.pbs.org;www.businessinsider.com;www.washingtonpost.com;;
FALSE,www.charismanews.com;
TRUE,www.wnd.com;www.express.co.uk;www.snopes.com;www.snopes.com;;www.politifact.com;
TRUE,;;www.wnyc.org;www.prnewswire.com;www.aapsonline.org;www.nytimes.com;www.theatlantic.com;drjengunter.wordpress.com;www.modernhealthcare.com;;
FALSE,;;;;www.infowars.com;www.wnd.com;thehill.com;insider.foxnews.com;justicegazette.org;
FALSE,;;www.field.com;vote.sos.ca.gov;elections.cdn.sos.ca.gov;vote.sos.ca.gov;www.latimes.com;www.snopes.com;www.sacbee.com;www.facebook.com;
TRUE,www.whitehouse.gov;www.usnews.com;religion.blogs.cnn.com;www.cbsnews.com;www.snopes.com;www.factcheck.org;www.politifact.com;;
TRUE,www.rgj.com;usuncut.com;www.occupywhitehouse.org;www.rt.com;www.ralstonreports.com;www.ralstonreports.com;lasvegassun.com;www.reddit.com;twitter.com;nvdems.com;www.mystatesman.com;
FALSE,www.pewresearch.org;www.uscis.gov;object.cato.org;www.uscis.gov;docs.google.com;drive.google.com;;;
TRUE,";;;Carl Davis, research director at the Institute on Taxation and Economic Policy;;www.urban.org;www.ajc.com;;gbpi.org;;;www.cbpp.org;;;;;;;;;www.snopes.com;"
FALSE,;drive.google.com;;;www.jewsnews.co.il;
FALSE,www.frontpagemag.com;www.iranianamericanpac.org;www.paaia.org;www.paaia.org;www.nbcnews.com;www.law.cornell.edu;;;;;;;;
TRUE,;;www.facebook.com;;;;www.nbcnews.com;www.cnn.com;soundcloud.com;www.cbsnews.com;www.cnn.com;blog.eagleforum.org;www.youtube.com;;
TRUE,www.whitehouse.gov;www.whitehouse.gov;www.cbo.gov;;;
TRUE,;;;www.congress.gov;www.ssa.gov;www.ssa.gov;www.ssa.gov;fpc.state.gov;www.ssa.gov;www.ssa.gov;www.facebook.com;www.facebook.com;dissidentvoice.org;www.youngcons.com;
TRUE,www.c-span.org;www.politifact.com;democrats.benghazi.house.gov;www.hillaryclinton.com;benghazi.house.gov;democrats.benghazi.house.gov;www.washingtonpost.com;news.yahoo.com;www.theguardian.com;;
TRUE,;;;;;
TRUE,;;;;;;;www.ams.usda.gov;www.international.gc.ca;www.wto.org;www.international.gc.ca;www.congress.gov;www.rollcall.com;www.marketwatch.com;www.meatinstitute.org;www.uschamber.com;www.consumerfed.org;www.wsj.com;www.straitstimes.com;articles.latimes.com;www.agri-pulse.com;gain.fas.usda.gov;www.law360.com;www.facebook.com;
TRUE,ustr.gov;www.cnn.com;pgpf.org;www.cbo.gov;www.congress.gov;www.senate.gov;www.cbo.gov;www.politifact.com;onlineathens.com;
TRUE,www.myajc.com;water.usgs.gov;pubs.usgs.gov;ga.water.usgs.gov;pubs.usgs.gov;www.census.gov;www.census.gov;www.census.gov;quickfacts.census.gov;;;;;twitter.com;
TRUE,www.c-span.org;www.c-span.org;georgewbush-whitehouse.archives.gov;georgewbush-whitehouse.archives.gov;georgewbush-whitehouse.archives.gov;news.bbc.co.uk;;;www.youngcons.com;
FALSE,www.thefederalistpapers.org;www.thegatewaypundit.com;www.americanthinker.com;jakarta.usembassy.gov;www.thejakartapost.com;www.state.gov;www.pewforum.org;www.history.com;diplopundit.net;m.snopes.com;;www.amazon.com;;;
TRUE,data.bls.gov;;scontent.xx.fbcdn.net;
TRUE,www.dispositionservices.dla.mil;maplight.org;maplight.org;www.policegrantshelp.com;;;;;;;;floridanewsflash.com;
FALSE,www.scribd.com;www.facebook.com;www.wsj.com;oversight.house.gov;dealbook.nytimes.com;www.washingtonpost.com;www.justice.gov;www.washingtontimes.com;oversight.house.gov;oversight.house.gov;www.wsj.com;www.foxnews.com;mediamatters.org;www.motherjones.com;blogs.wsj.com;www.americanbanker.com;www.americanbanker.com;www.foxcarolina.com;newsroom.suntrust.com;www.goupstate.com;dailysignal.com;www.foxnews.com;fdic.gov;www.washingtontimes.com;www.forbes.com;dailysignal.com;www.rnrfonline.com;www.wfla.com;dailycaller.com;www.fdic.gov;;;;;;;www.politifact.com;
TRUE,trailblazersblog.dallasnews.com;docs.google.com;www.fireandreamitchell.com;
TRUE,www.foxnews.com;www.onevoicemovement.org;issuu.com;www.state.gov;www.state.gov;www.prnewswire.com;www.haaretz.com;www.cruz.senate.gov;www.foxnews.com;www.usaspending.gov;www.ngo-monitor.org;polititainment.net;www.cfda.gov;fas.org;research.ku.edu;ncgg.princeton.edu;www.washingtonpost.com;www.usaid.gov;fas.org;fas.org;www.fas.org;www.fas.org;www.whitehouse.gov;content.time.com;www.facebook.com;www.csmonitor.com;;;;fbcdn-sphotos-e-a.akamaihd.net;
TRUE,www.politifact.com;www.foxnews.com;www.presidency.ucsb.edu;gwpapers.virginia.edu;www.washingtonpost.com;www.history.army.mil;press-pubs.uchicago.edu;;www.presidency.ucsb.edu;www.mountvernon.org;;fbcdn-sphotos-h-a.akamaihd.net;
FALSE,web.stanford.edu;www.nature.com;web.archive.org;issues.org;democrats.energycommerce.house.gov;content.time.com;www.telegraph.co.uk;message.snopes.com;;;dailyleak.org;
FALSE,dailyleak.org;www.obpa.usda.gov;gardner.house.gov;www.politifact.com;;;;
FALSE,www.odmp.org;www.fbi.gov;www.whitehouse.gov;www.whitehouse.gov;www.whitehouse.gov;www.whitehouse.gov;www.whitehouse.gov;www.whitehouse.gov;www.huffingtonpost.com;www.foxnews.com;;
FALSE,www.snopes.com;www.says-it.com;americannews.com;
FALSE,www.politico.com;www.facebook.com;www.facebook.com;www.snopes.com;www.imdb.com;www.politifact.com;kaiserhealthnews.org;;
TRUE,mediamatters.org;www.justice.gov;www.icems.eu;www.wnd.com;www.sodahead.com;www.americanthinker.com;dailycaller.com;
TRUE,www.documentcloud.org;www.politifact.com;www.breitbart.com;www.politico.com;abcnews.go.com;www.unionleader.com;www.youtube.com;;images.politico.com;www.schumer.senate.gov;www.treasury.gov;www.shaheen.senate.gov;www.youtube.com;www.youtube.com;www.youtube.com;www.opencongress.org;thehill.com;www.facebook.com;
TRUE,ia600805.us.archive.org;www.cambridgema.gov;www.zillow.com;www.cambridgema.gov;www.census.gov;data.bls.gov;media.cq.com;nypost.com;www.huffingtonpost.com;nymag.com;www.bostonherald.com;humanevents.com;www.facebook.com;
FALSE,www.presidency.ucsb.edu;cdn.gop.com;www.snopes.com;;www.amazon.com;;pbs.twimg.com;
FALSE,stats.oecd.org;www.theatlantic.com;www.bbc.com;translate.google.com;www.fairwork.gov.au;theconversation.com;www.state.gov;;;www.facebook.com;
FALSE,web.archive.org;www.snopes.com;www.factcheck.org;;;
TRUE,;;;;;;www.facebook.com;
TRUE,;;;www.huduser.org;www.huduser.org;nlihc.org;;
TRUE,;;;;;;www.projectcensored.org;www.facebook.com;www.dailykos.com;www.imdb.com;www.foxbghsuit.com;www.foxbghsuit.com;www.sptimes.com;caselaw.findlaw.com;www.fcc.gov;www.fcc.gov;docs.google.com;www.lynnwaddell.com;www.facebook.com;
TRUE,blogs.reuters.com;www.cjr.org;www.mcdonalds.dk;drive.google.com;www.statbank.dk;www.bls.gov;taxfoundation.org;www.oecd.org;www.oecd.org;www.remappingdebate.org;;;;;www.facebook.com;
TRUE,nces.ed.gov;www.dol.gov;;twitter.com;
TRUE,factfinder2.census.gov;www.charlestoncounty.org;www.politifact.com;www.politifact.com;;;;;;freepatriot.org;
TRUE,www.eeoc.gov;archive.greenbaypressgazette.com;dailycaller.com;www.judicialwatch.org;www.rightwingnews.com;foxnewsinsider.com;;;media.jrn.com;media.jrn.com;;
TRUE,articles.latimes.com;www.cbc.ca;www.cbc.ca;www.cbc.ca;www.theguardian.com;www.spiegel.de;www.youtube.com;voices.washingtonpost.com;www.theguardian.com;www.haaretz.com;;;;;conservativetribune.com;
FALSE,www.washingtontimes.com;;;www.facebook.com;
TRUE,www.worldbeyondwar.org;www.reuters.com;research.hks.harvard.edu;www.washingtonpost.com;www.fas.org;www.nytimes.com;www.cbo.gov;costsofwar.org;www.politifact.com;www.fao.org;www.wfp.org;www.un-kampagne.de;;;;;;;
FALSE,www.bls.gov;www.fns.usda.gov;www.fns.usda.gov;www.weeklystandard.com;;www.facebook.com;
FALSE,www.senate.gov;;;
FALSE,www.cdc.gov;www.afsp.org;online.wsj.com;www.huffingtonpost.com;;;;;
FALSE,twitter.com;www.news-journalonline.com;www.news4jax.com;;;;twitter.com;www.facebook.com;
FALSE,www.huffingtonpost.com;www.foreignassistance.gov;www.usaid.gov;;www.washingtonpost.com;;;rt.com;www.duhprogressive.com;
TRUE,;www.huffingtonpost.com;;www.aclu.org;
FALSE,www.aclu.org;www.fas.org;www.eff.org;;codes.lp.findlaw.com;www.nytimes.com;;;;www.wired.com;www.wired.com;www.redflagnews.com;
TRUE,freedomoutpost.com;ftp.cdc.gov;www.cdc.gov;www.cms.gov;www.cms.gov;www.deathpenaltyinfo.org;www.amnesty.org;www.examiner.com;www.politifact.com;;www.westernjournalism.com;
FALSE,www.coachisright.com;www.glslcompactcouncil.org;articles.washingtonpost.com;www.politifact.com;;www.greatlakeslaw.org;;peacemoonbeam.typepad.com;
TRUE,www.godlikeproductions.com;answers.yahoo.com;answers.yahoo.com;www.charlestoncitypaper.com;www.facebook.com;
FALSE,www.dol.gov;www.fas.org;data.bls.gov;static.prisonplanet.com;
FALSE,www.gpo.gov;www.healthcare.gov;www.healthcare.gov;www.irs.gov;www.fas.org;www.infowars.com;www.motherjones.com;www.snopes.com;www.wnd.com;www.usatoday.com;;;;;moneymorning.com;
FALSE,www.youtube.com;www.politico.com;www.bloomberg.com;www.weeklystandard.com;online.wsj.com;newsbusters.org;;www.examiner.com;
TRUE,www.thegatewaypundit.com;beforeitsnews.com;www.westernfreepress.com;oathkeepers.org;minutemennews.com;freedomoutpost.com;benswann.com;www.thegreenvillepost.com;www.youtube.com;frwebgate.access.gpo.gov;www.scstatehouse.gov;www.scstatehouse.gov;www.hhs.gov;mchb.hrsa.gov;homvee.acf.hhs.gov;www.pewstates.org;nccp.org;www.americanbar.org;;;;;;twitter.com;
FALSE,blog.skepticallibertarian.com;www.ons.gov.uk;www.ons.gov.uk;www.fbi.gov;quickfacts.census.gov;www.unicri.it;www.thecrimereport.org;www.telegraph.co.uk;www.dailymail.co.uk;www.crimesolutions.gov;;;;;www.facebook.com;
FALSE,archinte.jamanetwork.com;hereandnow.wbur.org;www.facebook.com;
TRUE,www.gpo.gov;agonist.org;www.snopes.com;www.loc.gov;;;;;;
TRUE,news.investors.com;bigstory.ap.org;dontmesswithtaxes.typepad.com;dontmesswithtaxes.typepad.com;www.wtop.com;docs.google.com;;video.foxnews.com;;poorrichardsnews.com;www.fireandreamitchell.com;www.washingtonpost.com;articles.washingtonpost.com;www.gao.gov;www.fbo.gov;
FALSE,;;www.afclubs.net;washingtonexaminer.com;www.wired.com;www.nationalreview.com;www.govexec.com;www.dodbuzz.com;www.afpc.af.mil;www.nafjobs.org;www.af.mil;www.afpc.af.mil;www.afpc.af.mil;www.defense.gov;www.jointbasemdl.af.mil;www.stripes.com;articles.cnn.com;www.nytimes.com;static.e-publishing.af.mil;www.census.gov;
FALSE,www.census.gov;cfo.dc.gov;www2.census.gov;www.bea.gov;www.facebook.com;
FALSE,;www.bradycampaign.org;www.unodc.org;www.nationsonline.org;data.un.org;www.gunpolicy.org;www.billhislam.com;
TRUE,www.documentcloud.org;tn4politicaljustice.wordpress.com;www.knoxnews.com;www.documentcloud.org;law.vanderbilt.edu;www.nashvillescene.com;www.nashvillescene.com;;
TRUE,www.cdc.gov;webappa.cdc.gov;;www.documentcloud.org;
TRUE,www.miamiherald.com;www.miamiherald.com;www.miamiherald.com;www.palmbeachpost.com;www.politifact.com;www.politifact.com;www.nbc-2.com;www.miamiherald.com;www.miamiherald.com;www.politifact.com;thinkprogress.org;;www.documentcloud.org;www.documentcloud.org;www.documentcloud.org;;;;;;;;;;;;;www.facebook.com;
TRUE,www.cbo.gov;www.youtube.com;www.taxpolicycenter.org;www.bcbsri.com;;;;
FALSE,www.whitehouse.gov;www.whitehouse.gov;www.whitehouse.gov;taxfoundation.org;;;;
TRUE,;;www.hud.gov;www.hud.gov;www.huduser.org;www.usatoday.com;www.baruch.cuny.edu;archives.hud.gov;www.manews.org;www.pewhispanic.org;www.facebook.com;
TRUE,pewhispanic.org;www.pewhispanic.org;www.cis.org;www.cis.org;www.fns.usda.gov;;;;;www.youtube.com;
TRUE,www.youtube.com;www.facebook.com;thelastword.msnbc.msn.com;www.detroitnews.com;;;;;;groobiecat.blogspot.com;
FALSE,www.marketwatch.com;www.mittromney.com;www.whitehouse.gov;www.whitehouse.gov;www.whitehouse.gov;www.cbo.gov;www.bls.gov;;;;www.facebook.com;
FALSE,www.opensecrets.org;www.opensecrets.org;www.dlapiper.com;lobbyingdisclosure.house.gov;www.facebook.com;
FALSE,www.seiu.org;media.corporate-ir.net;www.bloomberg.com;www.reuters.com;;;;www.facebook.com;
FALSE,hdl.loc.gov;;;;content.healthaffairs.org;www.kff.org;articles.boston.com;www.politifact.com;;;;;www.facebook.com;
TRUE,www.urbn.com;www.forbes.com;www.opensecrets.org;www.philadelphiaweekly.com;;www.snopes.com;gawker.com;www.lifenews.com;
TRUE,housedocs.house.gov;dhhs.gov;www.ofr.gov;daily.decisionhealth.com;www.nationalrighttolifenews.org;;;;www.flickr.com;
FALSE,www.taxfoundation.org;;;www.irs.gov;
TRUE,www.taxpolicycenter.org;www.bankrate.com;www.federalreserve.gov;epi.3cdn.net;epi.3cdn.net;www.opensecrets.org;www.senate.gov;;uppitywis.org;
FALSE,cognidissidence.blogspot.com;www.jsonline.com;www.channel3000.com;;media.jsonline.com;media.jsonline.com;;;legis.wisconsin.gov;legis.wisconsin.gov;good-times.webshots.com;
TRUE,www.dailykos.com;www.opencongress.org;www.opencongress.org;;;;www.facebook.com;
FALSE,www.dailykos.com;www.stateofworkingamerica.org;www.ips-dc.org;www.ips-dc.org;www.ips-dc.org;docs.google.com;www.americanprogress.org;;;;www.politifact.com;
FALSE,sovereigncitizens.org;;;;;cpc.grijalva.house.gov;www.thewallstreetshuffle.com;;
TRUE,cpc.grijalva.house.gov;;;www.thewallstreetshuffle.com;sovereigncitizens.org;blogs.browardpalmbeach.com;
FALSE,www.law.cornell.edu;www.miamiherald.com;www.politico.com;www.washingtonpost.com;www.weeklystandard.com;;;;;;;www.powerlineblog.com;
TRUE,;pelosi.house.gov;;www.gao.gov;
FALSE,articles.ocregister.com;;www.youtube.com;
TRUE,votevets.org;www.nrdc.org;kerry.senate.gov;kerry.senate.gov;kerry.senate.gov;switchboard.nrdc.org;www.epa.gov;www.eia.doe.gov;my.democrats.org;;;abcnews.go.com;
TRUE,www.recovery.gov;blogs.abcnews.com;www.hialeahhousing.org;;www.washingtonpost.com;www.propublica.org;www.propublica.org;voices.washingtonpost.com;s3.amazonaws.com;www.whitehouse.gov;www.crai.com;
TRUE,www.nationalbcc.org;energycommerce.house.gov;www.epw.senate.gov;www.americanprogress.org;www.aceee.org;www.cbo.gov;www.ibdeditorials.com;
TRUE,www.rasmussenreports.com;www.washingtonpost.com;www.washingtonpost.com;www.pollster.com;www.zogby.com;action.citizen.org;
FALSE,www.louise.house.gov;blogs.wsj.com;www.bloomberg.com;www.independent.co.uk;;;;www.ibdeditorials.com;
TRUE,ibdeditorials.com;www.ibdeditorials.com;www.kff.org;;blog.heritage.org;crooksandliars.com;frwebgate.access.gpo.gov;www.senate.gov;
TRUE,hdl.loc.gov;www.mortgagebankers.org;pol.moveon.org;www.opensecrets.org;;
TRUE,www.merriam-webster.com;www.un.org;www.un.org;;;www.cnn.com;www.mcclatchydc.com;www.un.org;www.icrc.org;www.nytimes.com;www.nytimes.com;transcripts.cnn.com;www.cfr.org;www.msnbc.msn.com;
FALSE,www.usatoday.com;blog.washingtonpost.com;www.bloomberg.com;www.johnmccain.com;www.johnmccain.com;www.senate.gov;
TRUE,www.nytimes.com;www.cfr.org;;www.johnmccain.com;
